Data,Tipo,Categoria,Valor,Descrição,Observação
30/07/2026 03:35,Entrada,Férias,"R$ 7.033,70",AG.3409 C.C 02008934-0,FERIAS 20 DIAS AGOSTO 2026 E 10 TRABALHADOS
30/07/2026 08:37,Saída,Saída,"R$ 21,47",[FERIAS] - PADARIA,OLIVETANOS
30/07/2026 10:10,Saída,Saída,"R$ 220,00",[FERIAS] - DENTISTA,
30/07/2026 10:12,Saída,Saída,"R$ 300,00",[FERIAS] - VALE REFEIÇÃO,
30/07/2026 10:13,Saída,Saída,"R$ 50,00",[FERIAS] - 2 POTES DE PIMENTA,
30/07/2026 10:18,Entrada,Resgate Poupança,"R$ 400,00",3409/60.082724-7,
30/07/2026 10:20,Saída,Saída,"R$ 400,00",3409/60.082724-7,PARA USO FATURA PICPAY
30/07/2026 10:25,Saída,Saída,"R$ 1.200,00",[FERIAS] - CEF PARCELA FINANCIAMENTO AGOSTO 2026,
30/07/2026 10:31,Saída,Saída,"R$ 568,36",[FERIAS] - LLZ - BOLETO CONDOMINIO AGOSTO 2026,
30/07/2026 10:35,Saída,Saída,"R$ 511,00",[FERIAS] - PARCELADOS CARTAO BANCO NEXT,ELETRODOMESTICOS
30/07/2026 10:38,Saída,Saída,"R$ 156,52",[FERIAS] - ENEL - CONTA DE LUZ,AGOSTO 2026
30/07/2026 10:41,Saída,Saída,"R$ 99,99",[FERIAS] - SPEEDY FIBER - INTERNET - AGOSTO 2026,
30/07/2026 10:53,Saída,Saída,"R$ 271,20",[FERIAS] - FACULDADE - ANHEMBI MORUMBI AGOSTO 2026,
30/07/2026 10:59,Saída,Transferência Poupança,"R$ 49,00",3409/60.082451-2,REFERENTE FATURA VIVO A PAGAR
30/07/2026 11:04,Saída,Saída,"R$ 400,00",[FERIAS] - VALOR SEPARADO PARA MERCADO AGOSTO 2026,
30/07/2026 11:12,Saída,Saída,"R$ 90,00",[FERIAS] - USO BARBEARIA,PIX CONTA CARLOS MAGNO CLOUDWALK IP LTDA
30/07/2026 11:15,Saída,Saída,"R$ 36,00",[FERIAS] - 2 GALÕES DE AGUA MINERAL,PIX CARLOS MAGNO CONTA CLOUDWALK
30/07/2026 11:18,Saída,Saída,"R$ 40,00",[FERIAS] - PARA COMPRAR AREIA DE GATO,PIX CARLOS MAGNO CONTA CLOUDWALK
30/07/2026 11:23,Saída,Saída,"R$ 510,00",3409/60.082451-2,REF 6 PASSAGENS ADULTOS IDA E VOLTA APARECIDA
30/07/2026 11:50,Saída,Saída,"R$ 2.511,15",3409/60.083398-1,SEPARADO PARA PAGAR DESPESAS SETEMBRO 2026
30/07/2026 11:50,Entrada,Disponível em Conta Corrente,"R$ 5,96",[PAGAMENTO] - SALDO DISPONIVEL APOS DESPESAS AGOSTO 2026,
30/07/2026 11:50,Entrada,Disponível em Conta Corrente,"R$ 0,99",[PAGAMENTO] - DIFERENÇA SALDO DISPONIVEL APOS DESPESAS,AGOSTO 2026
02/08/2026 09:34,Entrada,Resgate Poupança,"R$ 100,00",3409/60.082724-7,USO COMPRAS SHOPEE
02/08/2026 09:37,Saída,Saída,"R$ 100,00",[DESPESAS DIVERSAS] - PIX PICPAY GEAN,PARA USO EM COMPRAS SHOPEE
06/08/2026 04:06,Entrada,Disponível em Conta Corrente,"R$ 3.203,91",PAGAMENTO JULHO 2026,ANTES DAS FERIAS
06/08/2026 17:00,Entrada,Resgate Poupança,"R$ 100,00",3409/60.083398-1,
06/08/2026  17:03,Saída,Saída,"R$ 100,00",[DESPESAS DIVERSAS] - PIX PICPAY PARA,GENOALDO
07/08/2026 18:31,Entrada,Resgate da Poupança,"R$ 100,00",3409/60.082724-7,
07/08/2026 18:32,Saída,Saída,"R$ 100,00",[DESPESAS DIVERSAS] - PIX PIC PAY PARA,GENOALDO
07/08/2026 19:48,Saída,Transferência Poupança,"R$ 1.515,05",3409.60.083398-1,PARA USO DESPESAS SETEMBRO
07/08/2026 19:57,Saída,Transferência Poupança,"R$ 1.688,86",3409.60.082724-7,PARA USO DESPESAS SETEMBRO
02/10/2026 14:24,Entrada,Conta Corrente,"R$ 0,01",[PAGAMENTO] - REMUNERAÇÃO APLICAÇÃO,AUTOMATICA
08/08/2026 09:26,Entrada,Resgate Poupança,"R$ 524,95",3409.60.082724-7,
08/08/2026 09:27,Saída,Saída,"R$ 524,95",[DESPESAS DIVERSAS] - COMPRAS SHOPEE,
08/08/2026 15:37,Entrada,Resgate Poupança,"R$ 74,00",3409.60.082724-7,
08/08/2026 15:42,Saída,Saída,"R$ 40,96",[DESPESAS DIVERSAS] - PIX LEROY MERLIN CENTER NORTE,TOMADA SALA COZINHA
08/08/2026 16:58,Entrada,Resgate Poupança,"R$ 100,00",3409.60.082724-7,
08/08/2026 17:09,Saída,Saída,"R$ 99,00",[DESPESAS DIVERSAS] - PIX ATENA FENIX COMERCIO,
08/08/2026 17:11,Entrada,Resgate da Poupança,"R$ 15,00",340960082724-7,
08/08/2026 17:12,Saída,Saída,"R$ 44,90",[DESPESAS DIVERSAS] - PIX ATENA FENIX COMERCIO,
10/08/2026 10:12,Entrada,Resgate da Poupança,"R$ 100,00",3409.60.082724-7,
10/08/2026 10:12,Saída,Saída,"R$ 98,03",[DESPESAS DIVERSAS] - PIX MOOZ SOLUÇÕES FINANCE,
10/08/2026 19:47,Entrada,Resgate da Poupança,"R$ 21,00",3409.60.082724-7,
10/08/2026 19:48,Saída,Saída,"R$ 21,00",[DESPESAS DIVERSAS] - PIX PICPAY,GENOALDO - FILTRO DE CAFE
11/08/2026 16:23,Entrada,Resgate da Poupança,"R$ 50,00",3409.60.082724-7,
11/08/2026 16:24,Saída,Saída,"R$ 50,00",[DESPESAS DIVERSAS] - PIX IRINEU PAULINO,CONSERTO TOMADA
13/08/2026 14:03,Entrada,Resgate da Poupança,"R$ 125,00",3409.60.082724-7,
13/08/2026 14:08,Saída,Saída,"R$ 125,00",[DESPESAS DIVERSAS] - PIX PICPAY GENOALDO,REF ULTIMA PARC VIAJEM OLIMPIA
14/08/2026 14:44,Saída,Saída,"R$ 6,00",[DESPESAS DIVERSAS] - PIX CARLOS MAGNO,ITEIRAR GALAO DE AGUA
14/08/2026 21:06,Entrada,Resgate da Poupança,"R$ 20,00",3409.60.082724-7,
14/08/2026 21:07,Saída,Saída,"R$ 20,00",[DESPESAS DIVERSAS] - DESPESAS DE CASA,
15/08/2026 07:35,Entrada,Resgate da Poupança,"R$ 510,00",3409.60.082451-2 - 6,3 ADULTOS IDA E VOLTA APARECIDA
15/08/2026 07:50,Saída,Saída,"R$ 266,55",3409.60.082451-2,PIX BUS PASSARO MARROM 3 PASS
15/08/2026 11:46,Saída,Saída,"R$ 30,00",[DESPESAS DIVERSAS] -  PIX 55 630 579 CARLOS AUGFEIRA SANTUARIO APARECIDA,GUARDA CHUVA
15/08/2026 14:03,Entrada,Resgate da Poupança,"R$ 250,00",3409.60.082724-7,
15/08/2026 14:07,Saída,Saída,"R$ 250,00",[DESPESAS DIVERSAS] - PIX 42 021 218 THAINA ROD,COMPRA IMAGEN NOSSA SENHORA
15/08/2026 14:10,Saída,Saída,"R$ 50,00",[DESPESAS DIVERSAS] - PIX 42 021 218 THAINA ROD,2 ESCAPULARIOS DE SÃO BENTO
15/08/2026 15:30,Saída,Saída,"R$ 121,70",[DESPESAS DIVERSAS] - PIX OBRAS SOCIAIS DA ARQU,LOJINHA DENTRO DO SANTUARIO
15/08/2026 16:20,Entrada,Resgate da Poupança,"R$ 219,00",3409.60.082724-7,3 PASS RETORNO APARECIDA TIEITE
15/08/2026 16:22,Saída,Saída,"R$ 247,50",[DESPESAS DIVERSAS] - PIX BUS PASSARO MARROM,3 PASS RETORNO TIETE SP
16/08/2026 11:59,Entrada,Resgate da Poupança,"R$ 400,00",3409.60.082724-7,
16/08/2026 12:03,Saída,Saída,"R$ 400,00",[DESPESAS DIVERSAS] - PIX PICPAY GENOALDO,SOBRA FERIAS USO COMPRAS PRA CASA
17/08/2026 10:25,Entrada,Resgate da Poupança,"R$ 49,00",3409.60.082451-2,
17/08/2026 10:26,Saída,Saída,"R$ 49,00",[DESPESAS DIVERSAS] - PIX FATURA VIVO GENOALDO,VIVO AGOSTO 2026
28/08/2026 15:28,Entrada,Resgate da Poupança,"R$ 3.867,81",3409.60.083398-1,PARA PAGAR DESPESAS SETEMBRO 2026
28/08/2026 15:32,Saída,Saída,"R$ 1.200,00",[DESPESAS DIVERSAS] - PIX CEF CONTA APTO,PARCELA APTO SETEMBRO 2026
28/08/2026 15:34,Saída,Saída,"R$ 571,72",[DESPESAS DIVERSAS] - PIX LLZ BOLETO,CONDOMINIO SETEMBRO 2026
28/08/2026 15:37,Saída,Saída,"R$ 511,00",[DESPESAS DIVERSAS] - PIX GENOALDO BCO NEXT,PARCELADOS CREDITO ELETROS
28/08/2026 15:41,Saída,Saída,"R$ 271,20",[DESPESAS DIVERSAS] - PIX ISCP SOCIEDADE EDUCA,BOLETO FACULDADE SETEMBRO
28/08/2026 15:44,Saída,Saída,"R$ 220,00",[DESPESAS DIVERSAS] - PIX PICPAY GENOALDO,DENTISTA PARCELA SETEMBRO 2026
28/08/2026 15:47,Saída,Transferência para Poupança,"R$ 49,00",3409.60.082451-2,FATURA VIVO SETEMBRO 2026
28/08/2026 15:49,Saída,Saída,"R$ 300,00",[DESPESAS DIVERSAS] - PIX PIC PAY GENOALDO,VALE REFEIÇÃO SETEMBRO 2026
28/08/2026 15:51,Saída,Saída,"R$ 69,89",[DESPESAS DIVERSAS] - CONTA ENEL SETEMBRO,ENEL SETEMBRO
28/08/2026 15:52,Saída,Saída,"R$ 99,99",[DESPESAS DIVERSAS] - INTERNET SETEMBRO,SPEEDY FIBER
28/08/2026 15:56,Saída,Saída,"R$ 36,00",[DESPESAS DIVERSAS] - PIX CARLOS C.C CLOUDWALK,REF. 2 GALÕES DE AGUA
28/08/2026 16:00,Saída,Transferência para Poupança,"R$ 400,00",3409.60.082724-7,RESERVADO NA POUPANÇA
28/08/2026 16:04,Saída,Transferência para Poupança,"R$ 90,00",3409.60.082724-7,RESERVADO NA POUPANÇA
28/08/2026 16:20,Entrada,Resgate da Poupança,"R$ 158,39",3409.60.083398-1,
28/08/2026 16:22,Entrada,Resgate da Poupança,"R$ 90,00",3409.60.082724-7,
28/08/2026 16:22,Saída,Transferência para Poupança,"R$ 90,00",3409.60.083398-1,
28/08/2026 16:23,Saída,Transferência para Poupança,"R$ 158,39",3409.60.082724-7,
28/08/2026 16:34,Entrada,Resgate da Poupança,"R$ 2,00",3409.60.082724-7,
28/08/2026 16:38,Saída,Saída,"R$ 68,00",[DESPESAS DIVERSAS] - PIX PÇA DO PET,2 AREIA 12 E 1 DE 4 KG
30/08/2026 12:29,Entrada,Resgate da Poupança,"R$ 150,00",3409.60.082724-7,
30/08/2026 12:36,Saída,Saída,"R$ 150,00",[DESPESAS DIVERSAS] - PIX CARLOS BCO INTER,USO PRA FEIRA
30/08/2026 19:17,Entrada,Resgate da Poupança,"R$ 336,00",3409.60.082724-7,
30/08/2026 19:18,Saída,Saída,"R$ 336,00",[DESPESAS DIVERSAS] - PIX PICPAY GENOALDO,USO MERCADO EXTRA
31/08/2026 14:45,Entrada,Resgate da Poupança,"R$ 90,00",3409.60.083398-1,
31/08/2026 14:46,Saída,Transferência para Poupança,"R$ 90,00",3409.60.082724-7,
01/10/2026 13:56,Entrada,Resgate da Poupança,"R$ 160,00",3409.60.082724-7,
01/09/2026 13:57,Saída,Saída,"R$ 160,00",[DESPESAS DIVERSAS] - PIX CARLOS MAGNO,COMPRA DE MISTURAS ATACADAO
04/09/2026 04:11,Entrada,Conta Corrente,"R$ 1.711,07",[PAGAMENTO] - PAGAMENTO 10 DIAS,TRABALHADOS NAS FERIAS AGOSTO 2026
04/09/2026 09:49,Saída,Saída,"R$ 100,00",[DESPESAS DIVERSAS] - PIX PICPAY GENOALDO,VALE REFEIÇÃO EXTRA
04/09/2026 09:49,Saída,Transferência para Poupança,"R$ 90,00",3409.60.083398-1,
04/09/2026 09:51,Saída,Transferência para Poupança,"R$ 1.521,07",3409.60.082724-7,
07/09/2026 08:42,Entrada,Resgate da Poupança,"R$ 100,00",3409.60.082724-7,
07/09/2026 09:00,Saída,Saída,"R$ 20,28",[DESPESAS DIVERSAS] - PADARIA,
08/09/2026 07:16,Saída,Saída,"R$ 25,00",[DESPESAS DIVERSAS] - PIX PIC PAY GENOALDO,REF A PAES COMPRADOS VL MATILDE
02/10/2026 16:40,Entrada,Resgate da Poupança,"R$ 90,00",3409.60.083398-1,
08/09/2026 09:42,Saída,Saída,"R$ 90,00",[DESPESAS DIVERSAS] - PIX CARLOS MAGNO,USO BARBEARIA
09/09/2026 09:10,Saída,Saída,"R$ 12,29",[DESPESAS DIVERSAS] - PIX MARKET4U GESTAO DE LI,
10/09/2026 06:41,Saída,Saída,"R$ 40,00",[DESPESAS DIVERSAS] - PIX PICPAY GENOALDO,USO PADARIA
13/09/2026 15:08,Entrada,Resgate da Poupança,"R$ 29,00",3409.60.082724-7,
13/09/2026 15:10,Saída,Saída,"R$ 29,59",[DESPESAS DIVERSAS] - PIX DROG SP,MEDICAÇÃO DENTE GEAN ENXAGUANTE
13/09/2026 19:44,Entrada,Resgate da Poupança,"R$ 100,00",3409.60.082724-7,
13/09/2026 19:46,Saída,Saída,"R$ 100,00",[DESPESAS DIVERSAS] - PIX CARLOS MAGNO BCO INTER,USO APP GEAN IDA AO DENTISTA 24 HS
13/09/2026 20:53,Entrada,Resgate da Poupança,"R$ 100,00",3409.60.082724-7,
13/09/2026 20:54,Saída,Saída,"R$ 91,60",[DESPESAS DIVERSAS] - PIX DROG SP SHOP TATUAPE,MEDICAÇÃO DENTE GENOALDO
16/09/2026 11:56,Entrada,Resgate da Poupança,"R$ 20,00",3409.60.082724-7,
16/09/2026 11:59,Saída,Saída,"R$ 16,00",[DESPESAS DIVERSAS] - PIX RICARDO TEIXEIRA C6,BCO C6 1 GALÃO DE AGUA
18/09/2026 03:57,Entrada,Conta Corrente,"R$ 1.642,69",VALE SETEMBRO 2026 RETORNO FERIAS,
18/09/2026 10:51,Saída,Saída,"R$ 220,00",[DESPESAS DIVERSAS] - VALE REFEIÇÃO SETEMBRO,
18/09/2027 10:54,Saída,Saída,"R$ 165,00",[DESPESAS DIVERSAS] - PIX PICPAY GENOALDO,1 PACOTE DE RAÇÃO 7 KILOS NATURE
18/09/2027 10:56,Saída,Saída,"R$ 35,00",[DESPESAS DIVERSAS] - PIX PICPAY GENOALDO,
18/09/2026 11:00,Saída,Saída,"R$ 34,90",[DESPESAS DIVERSAS] - PIX PICPAY GENOALDO,
18/09/2026 11:04,Saída,Saída,"R$ 250,00",[DESPESAS DIVERSAS] - PIX CARLOS MAGNO,USO AÇOUGUE
18/09/2026 11:09,Saída,Saída,"R$ 36,00",[DESPESAS DIVERSAS] - PIX CARLOS BANCO INTER,REFERENTE 2 AGUAS
18/09/2026 11:25,Saída,Saída,"R$ 68,00",[DESPESAS DIVERSAS] - PIX PÇA DO PET,AREIAS
18/09/2026 11:29,Saída,Transferência para Poupança,"R$ 833,79",3409.60.082724-7,
18/09/2026 14:41,Entrada,Resgate da Poupança,"R$ 50,00",3409.60.082724-7,
18/09/2026 14:41,Saída,Saída,"R$ 50,00",[DESPESAS DIVERSAS] - PIX CARLOS CLOUDWALK,USO CAFE MANHA
18/09/2026 22:43,Entrada,Resgate da Poupança,"R$ 140,00",3409.60.082724-7,
18/09/2026 22:43,Saída,Saída,"R$ 140,00",[DESPESAS DIVERSAS] - PIX PICPAY GENOALDO,USO COMPRA TORNEIRA COZINHA
20/09/2026 12:36,Entrada,Resgate da Poupança,"R$ 49,00",3409.60.082451-2,
20/09/2026 12:37,Saída,Saída,"R$ 49,00",[DESPESAS DIVERSAS] - PIX TELEFONICA,FATURA VIVO
23/09/2026 09:45,Entrada,Resgate da Poupança,"R$ 100,00",3409.60.082724-7,
23/09/2026 09:48,Saída,Saída,"R$ 100,00",[DESPESAS DIVERSAS] - PIX PICPAY GEAN,USO CAFE DA MANHA
24/09/2026 09:03,Entrada,Resgate da Poupança,"R$ 60,00",3409.60.082724-7,
24/09/2026 09:04,Saída,Saída,"R$ 63,95",[DESPESAS DIVERSAS] - PIX ALINE SILVA SANTOS,
25/09/2026 03:40,Entrada,Conta Corrente,"R$ 2.560,05",[13 SALARIO 1 PARCELA] -,1 PARCELA USO VIDRAÇA VARANDA
25/09/2026 15:22,Saída,Saída,"R$ 2.000,00",[DESPESAS DIVERSAS] - PIX PICPAY GEANOALDO,"REF PARTE VIDRAÇA - FALTA 1640,00"
26/09/2026 18:59,Saída,Transferência para Poupança,"R$ 400,00",3409.60.083398-1,VACINAS MEL E MILU
26/09/2026 19:01,Saída,Saída,"R$ 170,00",[DESPESAS DIVERSAS] - PIX PIC PAY GENOALDO,SOBRA 13 SALARIO 1 PARCELA PARA USO PROPRIO
01/10/2026 10:00,Entrada,Resgate da Poupança,"R$ 90,00",3409.60.082724-7,ADIANTAMENTO CORTES CABELOS
01/10/2026 11:11,Saída,Saída,"R$ 90,00",[DESPESAS DIVERSAS] - PIX GUILHERME AUGUSTO RAM,2 CORTES CABELO
04/10/2026 13:51,Entrada,Resgate da Poupança,"R$ 1.000,00",[34.09.60.082724-7] - Resgate da 34.09.60.082724-7 - ANTECIPAÇÃO COMPRA MERCADO,ATACADAO
04/10/2026 14:23,Saída,Saída,"R$ 911,97",[DESPESAS DIVERSAS] - WMS SUPERMERCADOS - PIX ENVIADO,ATACADAO
04/10/2026 14:24,Entrada,Conta Corrente,"R$ 911,97",[DESPESAS DIVERSAS] - WMS SUPERMERCADOS - PIX DEVOLVIDO,ATACADAO
04/10/2026 14:26,Saída,Saída,"R$ 911,97",[DESPESAS DIVERSAS] - PIX PICPAY GEAN PARA PAGAR,ATACADAO
04/10/2026 14:48,Saída,Saída,"R$ 17,00",[DESPESAS DIVERSAS] - PAGAMENTO DE TAXI VINDA DO MERCADO,ATACADAO
04/10/2026 14:57,Saída,Transferência para Poupança,"R$ 70,00","[3409.60.082724-7] - SOBRA DOS 1000,00 REAIS",
05/10/2026 07:23,Entrada,Resgate da Poupança,"R$ 70,00",[3409.60.082724-7] - Resgate da 3409.60.082724-7 - USO IDA E VOLTA A UPA TAUAPE APP 99,
05/10/2026 07:24,Saída,Saída,"R$ 70,00",[3409.60.082724-7] - USO APP 99 IDA E VOLTA UPA TATUAPE,
06/10/2026 03:56,Entrada,Conta Corrente,"R$ 3.716,83",[3409.60.082724-7] - PAGAMENTO SETEMBRO 2026,2026
06/10/2026 08:35,Saída,Saída,"R$ 600,00",[DESPESAS DIVERSAS] - PARCELA APTO CEF,
06/10/2026 08:40,Saída,Saída,"R$ 571,20",[DESPESAS DIVERSAS] - BOLETO CONDOMINIO,
06/10/2026 08:42,Saída,Saída,"R$ 511,00",[DESPESAS DIVERSAS] - PARCELADOS ELETRONICOS,PIX BRADESCO GEBLOGNEWS@GMAIL.COM
06/10/2026 08:46,Saída,Saída,"R$ 271,20",[DESPESAS DIVERSAS] - FACULDADE,
06/10/2026 08:49,Saída,Saída,"R$ 220,00",[DESPESAS DIVERSAS] - DENTISTA,
06/10/2026 08:50,Saída,Saída,"R$ 230,00",[DESPESAS DIVERSAS] - VALE REFEIÇÃO,
06/10/2026 08:55,Saída,Saída,"R$ 126,05",[DESPESAS DIVERSAS] - ENEL,
06/10/2026 08:56,Saída,Saída,"R$ 99,99",[DESPESAS DIVERSAS] - SPEEDY FIBER,BOLETO INTERNET
06/10/2026 08:58,Saída,Saída,"R$ 36,00",[DESPESAS DIVERSAS] - 2 AGUAS MINERAIS,
06/10/2026 09:00,Saída,Transferência para Poupança,"R$ 1.050,00",[3409.60.082724-7] - LIQUIDO PAGAMENTO SETEMBRO,POS DESPESAS
07/10/2026 10:51,Entrada,Resgate da Poupança,"R$ 400,00",[3409.60.083398-1] - Resgate da 3409.60.083398-1,VACINAS MEL E MILU
07/10/2026 10:52,Saída,Saída,"R$ 400,00",[DESPESAS DIVERSAS] - PIX ENVIADO CLINICA,VETERINARIA
