ID,Data,Fluxo,Tipo,Despesa,Valor,Observacao
20260926220556,06/08/2026,SALARIO ANTES DE SAIR DE FERIAS,3203.91,Pagamento de julho 2026
20260926220838,04/09/2026,SALARIO 10 DIAS TRABALHADOS DAS FERIAS,1711.07,Pagamento 10 dias trabalhados das ferias de agosto 2026
20260926220917,18/09/2026,VALE APOS FERIAS,1642.69,Vale setembro apos retorno ferias
20260926221316,07/10/2026,PAGAMENTO APOS FERIAS,3035.03,Provisão pagamento a receber setembro 2026
20260926223948,30/07/2026,CRÉDITO,FERIAS,,7033.7,FERIAS 20 DIAS AGOSTO 2026
20260926224200,30/07/2026,DÉBITO,DESPESAS PAGAS COM FERIAS,FINANCIAMENTO APTO,1200.0,PARCELA AGOSTO 2026
20260926224620,30/07/2026,DÉBITO,DESPESAS PAGAS COM FERIAS,CONDOMINIO,568.36,
20260926225016,30/07/2026,DÉBITO,DESPESAS PAGAS COM FERIAS,COMPRAS PARCELADAS NO CARTAO,511.0,
20260926225112,30/07/2026,DÉBITO,DESPESAS PAGAS COM FERIAS,FACULDADE,271.2,
20260926225216,30/07/2026,DÉBITO,DESPESAS PAGAS COM FERIAS,DESPESAS MEDICAS,220.0,DENTISTA 7/10
20260926225300,30/07/2026,DÉBITO,DESPESAS PAGAS COM FERIAS,FATURA VIVO,49.0,
20260926225333,30/07/2026,DÉBITO,DESPESAS PAGAS COM FERIAS,VALE REFEIÇAO,300.0,
20260926225539,30/07/2026,DÉBITO,DESPESAS PAGAS COM FERIAS,CONTA DE ENERGIA,156.52,ENEL
20260926225806,30/07/2026,DÉBITO,DESPESAS PAGAS COM FERIAS,CONTA DE INTERNET,99.0,SPEEDY FIBER
20260926225846,30/07/2026,DÉBITO,DESPESAS PAGAS COM FERIAS,SUPERMERCADO,400.0,
20260926225946,30/07/2026,DÉBITO,DESPESAS PAGAS COM FERIAS,BARBEARIA,90.0,VALOR USADO NO AÇOUGUE
20260926230038,30/07/2026,DÉBITO,DESPESAS PAGAS COM FERIAS,AGUA POTAVEL,36.0,2 UNIDADES
20260926230141,30/07/2026,DÉBITO,DESPESAS PAGAS COM FERIAS,FINANCIAMENTO APTO,40.0,AREIA GATO
20260926230553,30/07/2026,DÉBITO,DESPESAS PAGAS COM FERIAS,DIVERSOS,50.0,2 POTES DE PIMENTA
20260926230647,30/07/2026,DÉBITO,DESPESAS PAGAS COM FERIAS,DIVERSOS,510.0,VIAJEM 3 ADULTOS IDA E VOLTA APARECIDA
20260926230749,30/07/2026,DÉBITO,DESPESAS PAGAS COM FERIAS,DIVERSOS,21.47,PADARIA OLIVETANOS
